distance(Km),Budget
500,9203.430252597369
780,14361.6605938254
900,16572.33074006598
1100,20256.780983800287
1400,25783.456349401742
1700,31310.1317150032
2100,38679.03220247182
3300,60785.73366487765
4500,82892.43512728348
4600,84734.66024915063
